[
  {
    "id": 1,
    "track_id": 1,
    "question": "Which OSI layer is responsible for routing packets?",
    "choices": ["Transport", "Network", "Data Link", "Physical"],
    "answer": 1
  },
  {
    "id": 2,
    "track_id": 1,
    "question": "Which protocol resolves hostnames to IP addresses?",
    "choices": ["DNS", "DHCP", "ARP", "ICMP"],
    "answer": 0
  },
  {
    "id": 3,
    "track_id": 2,
    "question": "What protocol prevents loops in a switched network?",
    "choices": ["RIP", "BGP", "STP", "HSRP"],
    "answer": 2
  },
  {
    "id": 4,
    "track_id": 2,
    "question": "Which device operates at Layer 2 and forwards frames based on MAC addresses?",
    "choices": ["Router", "Switch", "Hub", "Firewall"],
    "answer": 1
  },
  {
    "id": 5,
    "track_id": 3,
    "question": "What is the purpose of a network baseline?",
    "choices": ["To document policies", "To measure normal performance", "To configure devices", "To deploy VLANs"],
    "answer": 1
  },
  {
    "id": 6,
    "track_id": 3,
    "question": "Which protocol allows devices to report errors and operational information?",
    "choices": ["SNMP", "SSH", "TFTP", "Telnet"],
    "answer": 0
  },
  {
    "id": 7,
    "track_id": 4,
    "question": "What does the CIA triad stand for?",
    "choices": ["Confidentiality, Integrity, Availability", "Centralized, Integrated, Authentication", "Confidentiality, Isolation, Access", "Control, Integrity, Authorization"],
    "answer": 0
  },
  {
    "id": 8,
    "track_id": 4,
    "question": "802.1X provides ____.",
    "choices": ["Port-based network access control", "Wireless encryption", "Routing protocols", "IP addressing"],
    "answer": 0
  },
  {
    "id": 9,
    "track_id": 5,
    "question": "What is the first step in the network troubleshooting methodology?",
    "choices": ["Implement a solution", "Identify the problem", "Test the theory", "Document the fix"],
    "answer": 1
  },
  {
    "id": 10,
    "track_id": 5,
    "question": "Which command would you use to determine the path packets take to a destination?",
    "choices": ["ping", "ipconfig", "traceroute", "nslookup"],
    "answer": 2
  },
  {
    "id": 11,
    "track_id": 1,
    "question": "Which type of IP address is 192.168.0.10?",
    "choices": ["Public", "Private", "Multicast", "Loopback"],
    "answer": 1
  },
  {
    "id": 12,
    "track_id": 1,
    "question": "How many usable hosts exist in a /26 network?",
    "choices": ["30", "62", "14", "126"],
    "answer": 1
  },
  {
    "id": 13,
    "track_id": 1,
    "question": "Which IPv6 address type is FE80::/10?",
    "choices": ["Global unicast", "Link-local", "Multicast", "Anycast"],
    "answer": 1
  },
  {
    "id": 14,
    "track_id": 1,
    "question": "Which protocol is connectionless?",
    "choices": ["TCP", "UDP", "SMTP", "HTTP"],
    "answer": 1
  },
  {
    "id": 15,
    "track_id": 2,
    "question": "Which VLAN tagging protocol is widely used on Ethernet networks?",
    "choices": ["ISL", "802.1Q", "VTP", "STP"],
    "answer": 1
  },
  {
    "id": 16,
    "track_id": 2,
    "question": "Which topology provides full redundancy between devices?",
    "choices": ["Bus", "Star", "Ring", "Mesh"],
    "answer": 3
  },
  {
    "id": 17,
    "track_id": 2,
    "question": "Which 802.11 standard operates only on 5 GHz and supports up to 1.3 Gbps?",
    "choices": ["802.11a", "802.11n", "802.11ac", "802.11ax"],
    "answer": 2
  },
  {
    "id": 18,
    "track_id": 3,
    "question": "Change management is important because it ____.",
    "choices": ["Prevents unauthorized wireless access", "Ensures consistent documentation of changes", "Configures VLAN trunks", "Monitors network performance"],
    "answer": 1
  },
  {
    "id": 19,
    "track_id": 3,
    "question": "Which service collects logs from network devices?",
    "choices": ["RADIUS", "Syslog", "SNMP", "DHCP"],
    "answer": 1
  },
  {
    "id": 20,
    "track_id": 4,
    "question": "Which authentication protocol uses tickets?",
    "choices": ["CHAP", "RADIUS", "Kerberos", "EAP"],
    "answer": 2
  },
  {
    "id": 21,
    "track_id": 4,
    "question": "Which protocol is used for secure remote command execution?",
    "choices": ["FTP", "Telnet", "SSH", "SNMP"],
    "answer": 2
  },
  {
    "id": 22,
    "track_id": 5,
    "question": "Which tool checks the physical continuity of a cable?",
    "choices": ["Loopback adapter", "Cable tester", "Punch down tool", "Protocol analyzer"],
    "answer": 1
  },
  {
    "id": 23,
    "track_id": 5,
    "question": "What does an amber link light on a network interface often indicate?",
    "choices": ["No connectivity", "Link operating at 100 Mbps", "Collisions/errors on the link", "Power over Ethernet"],
    "answer": 2
  },
  {
    "id": 24,
    "track_id": 5,
    "question": "A misconfigured DHCP server handing out duplicate addresses will cause what?",
    "choices": ["Default gateway misconfiguration", "Address conflicts", "DNS issues", "Wireless interference"],
    "answer": 1
  },
  {
    "id": 25,
    "track_id": 1,
    "question": "Which layer of the TCP/IP model corresponds to OSI layers 5–7?",
    "choices": ["Application", "Transport", "Internet", "Network Interface"],
    "answer": 0
  },
  {
    "id": 26,
    "track_id": 1,
    "question": "What is the purpose of subnetting?",
    "choices": ["To increase available IP addresses", "To improve routing efficiency and security", "To map hostnames to IP addresses", "To assign MAC addresses"],
    "answer": 1
  },
  {
    "id": 27,
    "track_id": 2,
    "question": "What is the purpose of a trunk port?",
    "choices": ["To connect end devices", "To carry multiple VLANs across a link", "To block broadcast traffic", "To connect to WAN circuits"],
    "answer": 1
  },
  {
    "id": 28,
    "track_id": 2,
    "question": "Which device provides PoE to access points and phones?",
    "choices": ["Modem", "Switch", "Router", "Firewall"],
    "answer": 1
  },
  {
    "id": 29,
    "track_id": 3,
    "question": "Which of the following is used to back up network devices' configurations?",
    "choices": ["FTP", "TFTP", "SMTP", "NTP"],
    "answer": 1
  },
  {
    "id": 30,
    "track_id": 3,
    "question": "NetFlow is primarily used for ____.",
    "choices": ["Network configuration", "Flow accounting and traffic analysis", "Device authentication", "Bandwidth throttling"],
    "answer": 1
  },
  {
    "id": 31,
    "track_id": 4,
    "question": "Which encryption protocol replaced WEP in wireless networks?",
    "choices": ["WPA", "WPA2", "WPA3", "TKIP"],
    "answer": 1
  },
  {
    "id": 32,
    "track_id": 4,
    "question": "What is the purpose of a demilitarized zone (DMZ)?",
    "choices": ["To separate public facing servers from the internal network", "To host wireless access points", "To monitor network traffic", "To provide redundancy"],
    "answer": 0
  },
  {
    "id": 33,
    "track_id": 5,
    "question": "Which command releases and renews a DHCP lease on Windows?",
    "choices": ["ifconfig", "ipconfig /renew", "nslookup", "netstat"],
    "answer": 1
  },
  {
    "id": 34,
    "track_id": 5,
    "question": "What is indicated by a duplex mismatch?",
    "choices": ["Different speed settings", "One side full duplex, other half duplex", "Cable length too long", "VLAN misconfiguration"],
    "answer": 1
  },
  {
    "id": 35,
    "track_id": 4,
    "question": "Which type of malware encrypts files and demands payment?",
    "choices": ["Virus", "Worm", "Ransomware", "Spyware"],
    "answer": 2
  },
  {
    "id": 36,
    "track_id": 2,
    "question": "Which modulation technique is used by OFDM?",
    "choices": ["Time division", "Frequency division", "Amplitude modulation", "Phase shift"],
    "answer": 1
  },
  {
    "id": 37,
    "track_id": 2,
    "question": "Which cabling is used for long distance 10G Ethernet runs?",
    "choices": ["Cat5e", "Cat6", "Cat6A", "Multimode fiber"],
    "answer": 3
  },
  {
    "id": 38,
    "track_id": 3,
    "question": "What does RPO stand for?",
    "choices": ["Recovery Point Objective", "Redundancy Protocol Operation", "Router Power Output", "Routing Process Overview"],
    "answer": 0
  },
  {
    "id": 39,
    "track_id": 4,
    "question": "What does AAA stand for?",
    "choices": ["Authentication, Authorization, Accounting", "Authorization, Access, Availability", "Authorization, Authentication, Access", "Assurance, Authentication, Accounting"],
    "answer": 0
  },
  {
    "id": 40,
    "track_id": 3,
    "question": "What does MTTR represent in network operations?",
    "choices": ["Mean Time to Restore", "Maximum Transmission Rate", "Minimal Troubleshooting Test Run", "Mean Time to Reconnect"],
    "answer": 0
  }
]