[
  {
    "id": 1,
    "title": "Introduction to Networking",
    "track_id": 1,
    "content": "This lesson introduces basic networking concepts such as LANs, WANs, and the OSI model. You will learn about hosts, switches, routers, and the purpose of network standards.",
    "diagrams": [],
    "practice_questions": [1,2]
  },
  {
    "id": 2,
    "title": "Understanding IP Addressing",
    "track_id": 1,
    "content": "Learn the difference between IPv4 and IPv6, how subnetting works, and the purpose of private vs public addresses.",
    "diagrams": [],
    "practice_questions": [3,4]
  },
  {
    "id": 3,
    "title": "Network Topologies",
    "track_id": 2,
    "content": "Explore common network topologies (star, mesh, bus) and their advantages and disadvantages.",
    "diagrams": [],
    "practice_questions": [5,6]
  },
  {
    "id": 4,
    "title": "Switching and VLANs",
    "track_id": 2,
    "content": "Learn how switches forward frames and how VLANs segment broadcast domains.  Understand access vs trunk ports and 802.1Q tagging.",
    "diagrams": [],
    "practice_questions": [7,8]
  },
  {
    "id": 5,
    "title": "Network Operations",
    "track_id": 3,
    "content": "This lesson covers documentation, diagrams, change management and network monitoring tools.",
    "diagrams": [],
    "practice_questions": [9,10]
  },
  {
    "id": 6,
    "title": "Common Networking Tools",
    "track_id": 3,
    "content": "Discover tools used for network operations including SNMP managers, syslog servers, packet analyzers, and TFTP.",
    "diagrams": [],
    "practice_questions": [11,12]
  },
  {
    "id": 7,
    "title": "Fundamentals of Network Security",
    "track_id": 4,
    "content": "Understand the CIA triad (confidentiality, integrity, availability) and how encryption, authentication and authorization protect networks.",
    "diagrams": [],
    "practice_questions": [13,14]
  },
  {
    "id": 8,
    "title": "Securing Wireless Networks",
    "track_id": 4,
    "content": "Learn about WPA3, enterprise vs personal modes, and best practices for securing wireless access points.",
    "diagrams": [],
    "practice_questions": [15,16]
  },
  {
    "id": 9,
    "title": "Troubleshooting Methodology",
    "track_id": 5,
    "content": "This lesson introduces structured troubleshooting including identifying the problem, establishing a theory, testing, implementing and documenting.",
    "diagrams": [],
    "practice_questions": [17,18]
  },
  {
    "id": 10,
    "title": "Common Network Issues",
    "track_id": 5,
    "content": "Explore frequent problems such as IP conflicts, DNS issues, interface errors and latency. Learn diagnostic commands like ping and traceroute.",
    "diagrams": [],
    "practice_questions": [19,20]
  }
]