[
  {
    "id": 1,
    "title": "VLAN Misconfiguration",
    "track_id": 2,
    "objective": "Fix the VLAN assignment so that hosts in different subnets are properly isolated.",
    "difficulty": "beginner",
    "definition": {
      "title": "VLAN Misconfiguration",
      "objective": "Hosts on VLAN 10 and VLAN 20 are currently able to communicate because all ports are in VLAN 1. Assign the correct VLANs and verify isolation.",
      "assets": ["switch", "patch_panel", "pc1", "pc2"],
      "start_state": {
        "switch": {
          "ports": {
            "1": {"vlan": 1},
            "2": {"vlan": 1}
          }
        },
        "connections": [
          {"from": "pc1", "port": "eth0", "to": "switch", "port": "1"},
          {"from": "pc2", "port": "eth0", "to": "switch", "port": "2"}
        ]
      },
      "tasks": [
        {"description": "Assign port 1 to VLAN 10 and port 2 to VLAN 20"},
        {"description": "Verify that pc1 cannot ping pc2"}
      ],
      "checks": [
        {"type": "vlan_assignment", "port": "1", "vlan": 10},
        {"type": "vlan_assignment", "port": "2", "vlan": 20},
        {"type": "ping", "source": "pc1", "destination": "pc2", "should_succeed": false}
      ],
      "rubric": {
        "criteria": [
          {"description": "Correct VLAN assignments", "weight": 0.7},
          {"description": "Ping fails between different VLANs", "weight": 0.3}
        ]
      }
    }
  },
  {
    "id": 2,
    "title": "Subnetting Exercise",
    "track_id": 1,
    "objective": "Create the correct subnets based on requirements and assign addresses.",
    "difficulty": "beginner",
    "definition": {
      "title": "Subnetting Exercise",
      "objective": "Given a /24 network, divide it into four equal subnets and assign IP addresses to hosts.",
      "assets": ["router", "pc1", "pc2", "pc3", "pc4"],
      "start_state": {
        "network": "192.168.1.0/24",
        "hosts": ["pc1", "pc2", "pc3", "pc4"]
      },
      "tasks": [
        {"description": "Calculate subnet ranges"},
        {"description": "Assign IP addresses to each PC"}
      ],
      "checks": [
        {"type": "subnet_range", "subnet_count": 4},
        {"type": "ip_assignment", "hosts": {
          "pc1": "192.168.1.1",
          "pc2": "192.168.1.65",
          "pc3": "192.168.1.129",
          "pc4": "192.168.1.193"
        }}
      ],
      "rubric": {
        "criteria": [
          {"description": "Correct subnet calculation", "weight": 0.5},
          {"description": "Proper IP assignments", "weight": 0.5}
        ]
      }
    }
  },
  {
    "id": 3,
    "title": "Wireless Interference Resolution",
    "track_id": 4,
    "objective": "Identify and mitigate wireless interference in a busy office.",
    "difficulty": "intermediate",
    "definition": {
      "title": "Wireless Interference Resolution",
      "objective": "An office has reported poor Wi‑Fi performance. Discover the cause of interference and implement a fix.",
      "assets": ["access_point", "spectrum_analyzer", "laptop"],
      "start_state": {
        "access_point": {
          "channel": 6,
          "mode": "802.11n"
        },
        "environment": {
          "adjacent_networks": [
            {"ssid": "Guest", "channel": 6},
            {"ssid": "Neighbor", "channel": 11}
          ],
          "non_wifi_interference": ["microwave"]
        }
      },
      "tasks": [
        {"description": "Use the spectrum analyzer to identify interference"},
        {"description": "Change the AP channel to avoid interference"}
      ],
      "checks": [
        {"type": "channel_change", "channel": 1},
        {"type": "throughput", "minimum_mbps": 50}
      ],
      "rubric": {
        "criteria": [
          {"description": "Correctly identify interference source", "weight": 0.4},
          {"description": "Select appropriate channel", "weight": 0.6}
        ]
      }
    }
  },
  {
    "id": 4,
    "title": "DHCP Scope Exhaustion",
    "track_id": 3,
    "objective": "Expand the DHCP scope so new devices can obtain addresses.",
    "difficulty": "intermediate",
    "definition": {
      "title": "DHCP Scope Exhaustion",
      "objective": "The DHCP pool for the 192.168.10.0/24 network is full. Increase the available addresses without impacting existing clients.",
      "assets": ["dhcp_server", "switch", "pc1", "pc2"],
      "start_state": {
        "dhcp_server": {
          "scope": "192.168.10.1-192.168.10.50"
        },
        "leases": 50
      },
      "tasks": [
        {"description": "Expand the DHCP scope to 192.168.10.100"},
        {"description": "Verify that new devices obtain an IP"}
      ],
      "checks": [
        {"type": "scope_size", "min": 100},
        {"type": "dhcp_lease", "device": "pc2", "should_succeed": true}
      ],
      "rubric": {
        "criteria": [
          {"description": "Scope successfully expanded", "weight": 0.5},
          {"description": "New device obtains IP", "weight": 0.5}
        ]
      }
    }
  },
  {
    "id": 5,
    "title": "Cable Fault Identification",
    "track_id": 5,
    "objective": "Diagnose and replace a faulty cable in the patch panel.",
    "difficulty": "advanced",
    "definition": {
      "title": "Cable Fault Identification",
      "objective": "One of the patch cables between the switch and server is failing intermittently. Use the cable tester to find and replace it.",
      "assets": ["switch", "server", "patch_panel", "cable_tester"],
      "start_state": {
        "cables": [
          {"id": "cable1", "status": "good"},
          {"id": "cable2", "status": "faulty"},
          {"id": "cable3", "status": "good"}
        ]
      },
      "tasks": [
        {"description": "Test each cable using the cable tester"},
        {"description": "Replace the faulty cable"}
      ],
      "checks": [
        {"type": "faulty_cable_identified", "cable_id": "cable2"},
        {"type": "replacement", "cable_id": "cable2"}
      ],
      "rubric": {
        "criteria": [
          {"description": "Correctly identify faulty cable", "weight": 0.6},
          {"description": "Replace with working cable", "weight": 0.4}
        ]
      }
    }
  }
]